Rank,City,State,Popullation,
,,,,
1,New York, New York,"8,804,194",
2,Los Angeles, California,"3,898,767",
3,Chicago, Illinois,"2,746,352",
4,Houston, Texas,"2,301,572",
5,Phoenix, Arizona,"1,608,190",
6,Philadelphia, Pennsylvania,"1,603,799",
7,San Antonio, Texas,"1,434,367",
8,San Diego, California,"1,386,960",
9,Dallas, Texas,"1,304,317",
10,Austin, Texas,"961,900",
11,Jacksonville, Florida,"949,616",
12,San Jose, California,"1,013,221",
13,Fort Worth, Texas,"918,937",
14,Columbus, Ohio,"905,839",
15,Charlotte, North Carolina,"874,607",
16,Indianapolis (balance), Indiana,"887,661",
17,San Francisco, California,"873,959",
18,Seattle, Washington,"737,018",
19,Denver, Colorado,"715,538",
20,Oklahoma, Oklahoma,"681,084",
21,Nashville-Davidson metropolitan government (balance), Tennessee,"689,454",
22,El Paso, Texas,"678,697",
23,Washington, District of Columbia,"689,546",
24,Las Vegas, Nevada,"644,866",
25,Boston, Massachusetts,"675,632",
26,Portland, Oregon,"652,518",
27,Louisville/Jefferson County metro government (balance), Kentucky,"632,550",
28,Memphis, Tennessee,"631,539",
29,Detroit, Michigan,"639,115",
30,Baltimore, Maryland,"585,693",
31,Milwaukee, Wisconsin,"577,225",
32,Albuquerque, New Mexico,"564,581",
33,Tucson, Arizona,"542,656",
34,Fresno, California,"542,252",
35,Sacramento, California,"524,924",
36,Mesa, Arizona,"504,300",
37,Kansas, Missouri,"507,971",
38,Atlanta, Georgia,"498,722",
39,Colorado Springs, Colorado,"479,016",
40,Omaha, Nebraska,"491,743",
41,Raleigh, North Carolina,"467,762",
42,Virginia Beach, Virginia,"459,471",
43,Long Beach, California,"466,775",
44,Miami, Florida,"442,260",
45,Oakland, California,"440,660",
46,Minneapolis, Minnesota,"429,985",
47,Tulsa, Oklahoma,"413,123",
48,Bakersfield, California,"404,440",
49,Tampa, Florida,"384,661",
50,Wichita, Kansas,"397,547",
51,Arlington, Texas,"394,257",
52,Aurora, Colorado,"386,324",
53,New Orleans, Louisiana,"383,998",
54,Cleveland, Ohio,"372,632",
55,Anaheim, California,"346,825",
56,Urban Honolulu CDP, Hawaii,"350,966",
57,Henderson, Nevada,"317,310",
58,Stockton, California,"320,810",
59,Riverside, California,"315,014",
60,Lexington-Fayette urban county, Kentucky,"322,567",
61,Corpus Christi, Texas,"317,863",
62,Orlando, Florida,"307,683",
63,Irvine, California,"307,665",
64,Cincinnati, Ohio,"309,561",
65,Santa Ana, California,"310,555",
66,Newark, New Jersey,"311,552",
67,St. Paul, Minnesota,"311,518",
68,Pittsburgh, Pennsylvania,"302,958",
69,Greensboro, North Carolina,"299,101",
70,Lincoln, Nebraska,"291,105",
71,Durham, North Carolina,"283,588",
72,Plano, Texas,"285,469",
73,Anchorage municipality, Alaska,"291,244",
74,Jersey, New Jersey,"292,754",
75,St. Louis, Missouri,"301,574",
76,Chandler, Arizona,"276,010",
77,North Las Vegas, Nevada,"259,520",
78,Chula Vista, California,"275,500",
79,Buffalo, New York,"278,301",
80,Gilbert town, Arizona,"267,932",
81,Reno, Nevada,"264,147",
82,Madison, Wisconsin,"269,769",
83,Fort Wayne, Indiana,"263,914",
84,Toledo, Ohio,"270,880",
85,Lubbock, Texas,"257,157",
86,St. Petersburg, Florida,"258,356",
87,Laredo, Texas,"255,212",
88,Irving, Texas,"256,687",
89,Chesapeake, Virginia,"249,415",
90,Glendale, Arizona,"248,374",
91,Winston-Salem, North Carolina,"249,562",
92,Scottsdale, Arizona,"241,339",
93,Garland, Texas,"246,001",
94,Boise, Idaho,"235,712",
95,Norfolk, Virginia,"238,001",
96,Port St. Lucie, Florida,"204,856",
97,Spokane, Washington,"228,978",
98,Richmond, Virginia,"226,618",
99,Fremont, California,"230,493",
100,Huntsville, Alabama,"215,052",
101,Tacoma, Washington,"219,175",
102,Baton Rouge, Louisiana,"226,916",
103,Santa Clarita, California,"228,679",
104,San Bernardino, California,"222,068",
105,Hialeah, Florida,"223,123",
106,Frisco, Texas,"200,536",
107,Modesto, California,"218,467",
108,Cape Coral, Florida,"193,994",
109,Fontana, California,"208,387",
110,Moreno Valley, California,"208,640",
111,Des Moines, Iowa,"214,125",
112,Rochester, New York,"211,321",
113,Fayetteville, North Carolina,"208,470",
114,Yonkers, New York,"211,585",
115,McKinney, Texas,"195,326",
116,Worcester, Massachusetts,"206,519",
117,Salt Lake, Utah,"199,711",
118,Little Rock, Arkansas,"202,562",
119,Columbus, Georgia,"206,922",
120,Augusta-Richmond County consolidated government (balance), Georgia,"202,080",
121,Sioux Falls, South Dakota,"192,700",
122,Grand Prairie, Texas,"196,138",
123,Tallahassee, Florida,"196,171",
124,Amarillo, Texas,"200,377",
125,Oxnard, California,"202,067",
126,Peoria, Arizona,"190,966",
127,Overland Park, Kansas,"197,249",
128,Montgomery, Alabama,"200,586",
129,Birmingham, Alabama,"200,646",
130,Grand Rapids, Michigan,"198,893",
131,Knoxville, Tennessee,"190,728",
132,Vancouver, Washington,"190,888",
133,Huntington Beach, California,"198,723",
134,Providence, Rhode Island,"190,932",
135,Brownsville, Texas,"186,717",
136,Glendale, California,"196,534",
137,Akron, Ohio,"190,416",
138,Tempe, Arizona,"180,576",
139,Newport News, Virginia,"186,243",
140,Chattanooga, Tennessee,"181,057",
141,Mobile, Alabama,"187,048",
142,Fort Lauderdale, Florida,"182,775",
143,Cary town, North Carolina,"174,763",
144,Shreveport, Louisiana,"187,587",
145,Ontario, California,"175,266",
146,Eugene, Oregon,"177,195",
147,Aurora, Illinois,"180,526",
148,Elk Grove, California,"176,141",
149,Salem, Oregon,"175,472",
150,Santa Rosa, California,"178,128",
151,Clarksville, Tennessee,"166,739",
152,Rancho Cucamonga, California,"174,624",
153,Oceanside, California,"174,048",
154,Springfield, Missouri,"169,168",
155,Pembroke Pines, Florida,"171,182",
156,Garden Grove, California,"171,973",
157,Fort Collins, Colorado,"169,827",
158,Lancaster, California,"173,511",
159,Palmdale, California,"169,415",
160,Murfreesboro, Tennessee,"152,775",
161,Salinas, California,"163,542",
162,Corona, California,"157,154",
163,Killeen, Texas,"153,143",
164,Hayward, California,"162,948",
165,Paterson, New Jersey,"159,759",
166,Macon-Bibb County, Georgia,"157,347",
167,Lakewood, Colorado,"155,975",
168,Alexandria, Virginia,"159,461",
169,Roseville, California,"147,796",
170,Surprise, Arizona,"143,158",
171,Springfield, Massachusetts,"155,931",
172,Charleston, South Carolina,"150,288",
173,Kansas, Kansas,"156,606",
174,Sunnyvale, California,"155,629",
175,Bellevue, Washington,"151,864",
176,Hollywood, Florida,"153,036",
177,Denton, Texas,"139,861",
178,Escondido, California,"151,074",
179,Joliet, Illinois,"150,374",
180,Naperville, Illinois,"149,559",
181,Bridgeport, Connecticut,"148,644",
182,Savannah, Georgia,"147,768",
183,Mesquite, Texas,"150,227",
184,Pasadena, Texas,"151,897",
185,Rockford, Illinois,"148,662",
186,Pomona, California,"151,445",
187,Jackson, Mississippi,"153,705",
188,Olathe, Kansas,"141,283",
189,Gainesville, Florida,"141,079",
190,McAllen, Texas,"142,195",
191,Syracuse, New York,"148,608",
192,Waco, Texas,"140,119",
193,Visalia, California,"141,574",
194,Thornton, Colorado,"141,862",
195,Torrance, California,"147,071",
196,Fullerton, California,"143,638",
197,Columbia, South Carolina,"136,803",
198,New Haven, Connecticut,"134,024",
199,Hampton, Virginia,"137,158",
200,Miramar, Florida,"134,706",
201,Victorville, California,"134,802",
202,Warren, Michigan,"139,398",
203,West Valley, Utah,"140,239",
204,Cedar Rapids, Iowa,"137,723",
205,Stamford, Connecticut,"135,451",
206,Orange, California,"139,902",
207,Dayton, Ohio,"137,624",
208,Midland, Texas,"132,524",
209,Kent, Washington,"136,609",
210,Elizabeth, New Jersey,"137,310",
211,Pasadena, California,"138,719",
212,Carrollton, Texas,"133,432",
213,Coral Springs, Florida,"134,396",
214,Sterling Heights, Michigan,"134,334",
215,Fargo, North Dakota,"125,952",
216,Lewisville, Texas,"125,688",
217,Meridian, Idaho,"117,713",
218,Norman, Oklahoma,"127,991",
219,Palm Bay, Florida,"119,752",
220,Athens-Clarke County unified government (balance), Georgia,"127,362",
221,Columbia, Missouri,"126,233",
222,Abilene, Texas,"125,178",
223,Pearland, Texas,"125,815",
224,Santa Clara, California,"127,861",
225,Round Rock, Texas,"119,501",
226,Topeka, Kansas,"126,601",
227,Allentown, Pennsylvania,"125,858",
228,Clovis, California,"120,160",
229,Simi Valley, California,"126,373",
230,College Station, Texas,"120,523",
231,Thousand Oaks, California,"126,968",
232,Vallejo, California,"126,083",
233,Concord, California,"125,411",
234,Rochester, Minnesota,"121,388",
235,Arvada, Colorado,"124,402",
236,Lafayette, Louisiana,"121,398",
237,Independence, Missouri,"123,004",
238,West Palm Beach, Florida,"117,315",
239,Hartford, Connecticut,"121,018",
240,Wilmington, North Carolina,"115,456",
241,Lakeland, Florida,"112,640",
242,Billings, Montana,"117,142",
243,Ann Arbor, Michigan,"123,872",
244,Fairfield, California,"119,872",
245,Berkeley, California,"124,324",
246,Richardson, Texas,"119,464",
247,North Charleston, South Carolina,"114,839",
248,Cambridge, Massachusetts,"118,395",
249,Broken Arrow, Oklahoma,"113,556",
250,Clearwater, Florida,"117,387",
251,West Jordan, Utah,"116,962",
252,Evansville, Indiana,"117,291",
253,League, Texas,"114,377",
254,Antioch, California,"115,305",
255,Manchester, New Hampshire,"115,653",
256,High Point, North Carolina,"114,117",
257,Waterbury, Connecticut,"114,455",
258,Westminster, Colorado,"116,315",
259,Richmond, California,"116,432",
260,Carlsbad, California,"114,735",
261,Las Cruces, New Mexico,"111,392",
262,Murrieta, California,"110,953",
263,Lowell, Massachusetts,"115,550",
264,Provo, Utah,"115,173",
265,Springfield, Illinois,"114,414",
266,Elgin, Illinois,"114,798",
267,Odessa, Texas,"114,452",
268,Lansing, Michigan,"112,657",
269,Pompano Beach, Florida,"112,056",
270,Beaumont, Texas,"115,268",
271,Temecula, California,"109,994",
272,Gresham, Oregon,"114,255",
273,Allen, Texas,"104,645",
274,Pueblo, Colorado,"111,874",
275,Everett, Washington,"110,602",
276,South Fulton, Georgia,"108,064",
277,Peoria, Illinois,"113,176",
278,Nampa, Idaho,"100,310",
279,Tuscaloosa, Alabama,"99,627",
280,Miami Gardens, Florida,"111,644",
281,Santa Maria, California,"109,695",
282,Downey, California,"114,358",
283,Concord, North Carolina,"105,318",
284,San Buenaventura (Ventura), California,"110,736",
285,Costa Mesa, California,"111,926",
286,Sugar Land, Texas,"111,032",
287,Menifee, California,"102,526",
288,Tyler, Texas,"105,984",
289,Sparks, Nevada,"108,457",
290,Greeley, Colorado,"108,791",
291,Rio Rancho, New Mexico,"104,039",
292,Sandy Springs, Georgia,"108,068",
293,Dearborn, Michigan,"109,961",
294,Jurupa Valley, California,"105,054",
295,Spokane Valley, Washington,"102,983",
296,Hillsboro, Oregon,"106,438",
297,Davie town, Florida,"105,703",
298,Green Bay, Wisconsin,"107,363",
299,Centennial, Colorado,"108,422",
300,Buckeye, Arizona,"91,535",
301,Boulder, Colorado,"108,246",
302,Goodyear, Arizona,"95,288",
303,El Monte, California,"109,447",
304,West Covina, California,"109,501",
305,Brockton, Massachusetts,"105,654",
306,New Braunfels, Texas,"90,391",
307,El Cajon, California,"106,183",
308,Edinburg, Texas,"100,269",
309,Renton, Washington,"106,836",
310,Burbank, California,"107,335",
311,Inglewood, California,"107,759",
312,Rialto, California,"104,048",
313,Lee's Summit, Missouri,"101,122",
314,Bend, Oregon,"99,213",
315,South Bend, Indiana,"103,436",
316,Wichita Falls, Texas,"102,316",
317,St. George, Utah,"95,345",
318,Fishers, Indiana,"99,027",
319,Carmel, Indiana,"99,753",
320,Vacaville, California,"102,386",
321,Quincy, Massachusetts,"101,606",
322,Conroe, Texas,"89,990",
323,Chico, California,"102,816",
324,San Mateo, California,"105,665",
325,Lynn, Massachusetts,"101,263",
326,Albany, New York,"99,233",
327,Hesperia, California,"99,838",
328,New Bedford, Massachusetts,"101,089",
329,Davenport, Iowa,"101,728",
330,Daly, California,"104,973",
331,Fayetteville, Arkansas,"94,308",
332,San Angelo, Texas,"99,904",
333,Boca Raton, Florida,"97,439",
334,Longmont, Colorado,"98,906",
335,Norwalk, California,"102,762",
335,Suffolk, Virginia,"94,326",
337,Yuma, Arizona,"96,147",
338,Kenosha, Wisconsin,"99,979",
339,Palm Coast, Florida,"89,251",
340,Federal Way, Washington,"101,025",
341,Roanoke, Virginia,"100,015",
342,Vista, California,"98,414",
343,Tracy, California,"93,115",
344,Deltona, Florida,"93,702",
345,Beaverton, Oregon,"97,503",
346,Portsmouth, Virginia,"97,915",
347,Yakima, Washington,"96,971",
348,Sunrise, Florida,"97,309",
349,Edmond, Oklahoma,"94,436",
350,Plantation, Florida,"91,750",
351,Fort Myers, Florida,"86,401",
352,Orem, Utah,"98,133",
353,Lawrence, Kansas,"94,930",
354,Reading, Pennsylvania,"95,100",
355,San Marcos, California,"94,862",
356,Mount Pleasant town, South Carolina,"90,838",
357,Bellingham, Washington,"91,483",
358,Livonia, Michigan,"95,526",
359,Asheville, North Carolina,"94,581",
360,Fall River, Massachusetts,"93,984",
361,O'Fallon, Missouri,"91,347",
362,Erie, Pennsylvania,"94,849",
363,Chino, California,"91,387",
364,Sandy, Utah,"97,253",
365,Roswell, Georgia,"92,835",
366,Redding, California,"93,609",
367,Hoover, Alabama,"92,605",
368,Carson, California,"95,553",
369,Kirkland, Washington,"92,166",
370,Compton, California,"95,712",
371,Indio, California,"89,126",
372,Mission Viejo, California,"93,639",
373,Avondale, Arizona,"89,345",
374,Merced, California,"86,370",
375,Lawton, Oklahoma,"90,387",
376,Norwalk, Connecticut,"91,187",
377,Nashua, New Hampshire,"91,335",
378,South Gate, California,"92,727",
379,Hemet, California,"89,818",
380,Fort Smith, Arkansas,"89,141",
381,Santa Monica, California,"93,075",
382,Trenton, New Jersey,"90,860",
383,Temple, Texas,"82,072",
384,Westminster, California,"90,915",
385,Champaign, Illinois,"88,293",
386,Greenville, North Carolina,"87,628",
387,Santa Fe, New Mexico,"87,503",
388,Clifton, New Jersey,"90,309",
389,Waukegan, Illinois,"89,313",
390,Lawrence, Massachusetts,"89,153",
391,Bloomington, Minnesota,"89,980",
392,Bryan, Texas,"83,967",
393,Springdale, Arkansas,"87,315",
394,Santa Barbara, California,"88,676",
395,Newton, Massachusetts,"88,918",
396,Troy, Michigan,"87,300",
397,Danbury, Connecticut,"86,510",
398,Manteca, California,"83,507",
399,Franklin, Tennessee,"83,547",
400,Ogden, Utah,"87,343",
401,Deerfield Beach, Florida,"86,855",
402,San Leandro, California,"90,998",
403,Mission, Texas,"85,787",
404,Duluth, Minnesota,"86,720",
405,Georgetown, Texas,"67,012",
406,Melbourne, Florida,"84,703",
407,Citrus Heights, California,"87,575",
408,San Ramon, California,"86,332",
409,Lake Forest, California,"85,862",
410,Medford, Oregon,"85,858",
411,Sioux, Iowa,"85,781",
412,North Port, Florida,"74,798",
413,Auburn, Washington,"87,204",
414,Kennewick, Washington,"83,929",
415,Livermore, California,"87,965",
416,Hawthorne, California,"88,077",
417,Whittier, California,"87,302",
418,Lehi, Utah,"75,900",
419,Baytown, Texas,"85,541",
420,Westland, Michigan,"85,407",
421,Newport Beach, California,"85,235",
422,South Jordan, Utah,"77,486",
423,Brooklyn Park, Minnesota,"86,462",
424,Folsom, California,"80,463",
425,Warwick, Rhode Island,"82,825",
426,Farmington Hills, Michigan,"84,004",
427,Gastonia, North Carolina,"80,412",
428,Layton, Utah,"81,780",
429,Longview, Texas,"81,640",
430,Largo, Florida,"82,544",
431,Johns Creek, Georgia,"82,444",
432,Buena Park, California,"84,016",
433,Cranston, Rhode Island,"82,936",
434,New Rochelle, New York,"79,734",
435,Warner Robins, Georgia,"80,350",
435,Frederick, Maryland,"78,188",
437,Cicero town, Illinois,"85,268",
438,Homestead, Florida,"80,734",
439,Mountain View, California,"82,534",
440,Boynton Beach, Florida,"80,385",
441,Rancho Cordova, California,"79,332",
442,Redwood, California,"84,303",
443,Perris, California,"78,705",
444,Alhambra, California,"82,868",
445,Castle Rock town, Colorado,"73,156",
446,Pharr, Texas,"79,713",
447,Miami Beach, Florida,"82,888",
448,Auburn, Alabama,"76,143",
449,Kissimmee, Florida,"79,224",
450,Jonesboro, Arkansas,"78,575",
451,Flint, Michigan,"81,268",
452,Somerville, Massachusetts,"81,031",
453,Parma, Ohio,"81,117",
454,Pasco, Washington,"77,119",
455,Lynchburg, Virginia,"79,007",
456,Lake Charles, Louisiana,"84,936",
457,Bloomington, Indiana,"79,148",
458,Lakewood, California,"82,497",
459,Bloomington, Illinois,"78,699",
460,Upland, California,"79,041",
461,Rapid, South Dakota,"74,719",
462,Plymouth, Minnesota,"81,017",
463,Woodbury, Minnesota,"75,107",
464,Flower Mound town, Texas,"75,965",
465,Tustin, California,"79,967",
466,Napa, California,"79,251",
467,Daytona Beach, Florida,"71,587",
468,Chino Hills, California,"78,426",
469,Loveland, Colorado,"76,365",
470,Milpitas, California,"80,271",
471,Cedar Park, Texas,"77,586",
472,Bethlehem, Pennsylvania,"75,795",
473,Pittsburg, California,"76,409",
474,Doral, Florida,"75,875",
475,Missoula, Montana,"74,131",
476,Redmond, Washington,"73,252",
477,Wyoming, Michigan,"76,510",
478,Mansfield, Texas,"72,596",
479,Pleasanton, California,"79,856",
480,Hammond, Indiana,"77,855",
481,Missouri, Texas,"74,248",
482,Racine, Wisconsin,"77,841",
483,Bellflower, California,"79,216",
484,Schaumburg village, Illinois,"78,713",
485,Broomfield, Colorado,"74,105",
486,Alameda, California,"78,282",
487,Rochester Hills, Michigan,"76,308",
488,Flagstaff, Arizona,"76,847",
489,Apple Valley town, California,"75,789",
490,Scranton, Pennsylvania,"76,336",
491,Evanston, Illinois,"78,104",
492,Southfield, Michigan,"76,604",
493,Rock Hill, South Carolina,"74,409",
494,Iowa, Iowa,"74,823",
495,Arlington Heights village, Illinois,"77,687",
496,Pawtucket, Rhode Island,"75,612",
497,Bowling Green, Kentucky,"72,298",
498,Lakeville, Minnesota,"69,496",
499,Appleton, Wisconsin,"75,681",
500,Bismarck, North Dakota,"73,625",
501,New Britain, Connecticut,"74,159",
502,Leander, Texas,"59,217",
503,Bolingbrook village, Illinois,"73,948",
504,Rocklin, California,"71,598",
505,Redlands, California,"73,170",
506,Lauderhill, Florida,"74,479",
507,Rogers, Arkansas,"69,913",
508,Kalamazoo, Michigan,"73,570",
509,Noblesville, Indiana,"69,609",
510,Johnson, Tennessee,"71,063",
511,Greenville, South Carolina,"70,720",
512,Turlock, California,"72,692",
513,Marysville, Washington,"70,714",
514,Gulfport, Mississippi,"72,923",
515,Ankeny, Iowa,"67,901",
516,Dublin, California,"72,588",
517,Tamarac, Florida,"71,903",
518,Lake Elsinore, California,"70,244",
519,Blaine, Minnesota,"70,221",
520,Mount Vernon, New York,"73,905",
521,Harlingen, Texas,"71,824",
522,Wilmington, Delaware,"70,893",
523,Lafayette, Indiana,"70,790",
524,Dothan, Alabama,"71,050",
525,St. Charles, Missouri,"70,539",
526,Apex town, North Carolina,"64,180",
527,Eastvale, California,"69,752",
528,Camden, New Jersey,"71,777",
529,Framingham, Massachusetts,"72,381",
530,West Des Moines, Iowa,"68,726",
531,Queen Creek town, Arizona,"59,516",
532,Tulare, California,"68,910",
533,North Richland Hills, Texas,"69,911",
534,St. Joseph, Missouri,"72,481",
535,Maple Grove, Minnesota,"70,264",
536,Waukesha, Wisconsin,"71,162",
537,Jacksonville, North Carolina,"72,735",
538,San Marcos, Texas,"67,690",
539,Camarillo, California,"70,740",
540,Eau Claire, Wisconsin,"69,433",
541,Canton, Ohio,"70,836",
542,St. Cloud, Minnesota,"68,882",
543,Bayonne, New Jersey,"71,687",
544,Baldwin Park, California,"72,176",
545,Shawnee, Kansas,"67,310",
546,Passaic, New Jersey,"70,534",
547,Decatur, Illinois,"70,901",
548,Yuba, California,"70,118",
549,Walnut Creek, California,"70,112",
550,Gaithersburg, Maryland,"69,656",
551,Redondo Beach, California,"71,560",
552,Schenectady, New York,"67,050",
553,East Orange, New Jersey,"69,620",
554,Portland, Maine,"68,409",
555,Jackson, Tennessee,"68,224",
556,Madera, California,"66,229",
557,Grand Junction, Colorado,"65,574",
558,Gary, Indiana,"69,086",
559,Idaho Falls, Idaho,"65,586",
560,Weston, Florida,"68,113",
561,Conway, Arkansas,"64,149",
562,Eagan, Minnesota,"68,861",
563,Alpharetta, Georgia,"65,811",
564,Lodi, California,"66,336",
565,Albany, Georgia,"69,652",
566,Haverhill, Massachusetts,"67,774",
567,Yorba Linda, California,"68,318",
568,Davis, California,"66,858",
569,Union, California,"70,140",
570,Delray Beach, Florida,"66,847",
571,Ames, Iowa,"66,426",
572,Rockville, Maryland,"67,126",
573,Waterloo, Iowa,"67,320",
574,Novi, Michigan,"66,237",
575,Maricopa, Arizona,"58,143",
576,Brentwood, California,"64,290",
577,Commerce, Colorado,"62,425",
578,Palo Alto, California,"68,586",
579,Oshkosh, Wisconsin,"66,802",
580,Caldwell, Idaho,"60,077",
581,Janesville, Wisconsin,"65,615",
582,Sammamish, Washington,"67,458",
583,Pflugerville, Texas,"65,177",
584,Skokie village, Illinois,"67,822",
585,Palatine village, Illinois,"67,899",
586,Ocala, Florida,"63,587",
587,Greenwood, Indiana,"63,832",
588,Medford, Massachusetts,"59,666",
589,Victoria, Texas,"65,529",
590,Union, New Jersey,"68,631",
591,Lorain, Ohio,"65,214",
592,Rowlett, Texas,"62,551",
593,Muncie, Indiana,"65,197",
594,Port Orange, Florida,"62,622",
595,Malden, Massachusetts,"66,261",
596,North Little Rock, Arkansas,"64,600",
597,Cheyenne, Wyoming,"65,131",
598,St. Cloud, Florida,"58,950",
599,Lynwood, California,"67,256",
600,Utica, New York,"65,287",
601,Waltham, Massachusetts,"65,213",
602,Kenner, Louisiana,"66,471",
603,Burnsville, Minnesota,"64,324",
604,Laguna Niguel, California,"64,347",
605,South San Francisco, California,"66,097",
606,San Clemente, California,"64,282",
607,Moore, Oklahoma,"62,806",
608,Sanford, Florida,"61,082",
609,Huntersville town, North Carolina,"61,376",
610,Millcreek, Utah,"63,890",
611,Bellevue, Nebraska,"64,215",
612,Porterville, California,"62,629",
613,Hamilton, Ohio,"63,386",
614,Hendersonville, Tennessee,"61,792",
615,Richland, Washington,"60,568",
616,Coon Rapids, Minnesota,"63,624",
617,Bossier, Louisiana,"62,719",
618,Marietta, Georgia,"61,052",
619,Lakewood, Washington,"63,609",
620,Eden Prairie, Minnesota,"64,198",
621,Council Bluffs, Iowa,"62,792",
622,Taylor, Michigan,"63,392",
623,Chapel Hill town, North Carolina,"61,965",
624,Dearborn Heights, Michigan,"63,291",
625,La Habra, California,"63,118",
626,Pontiac, Michigan,"61,601",
627,Santa Cruz, California,"62,968",
628,Woodland, California,"61,047",
629,Wellington village, Florida,"61,620",
630,Springfield, Oregon,"61,843",
631,Encinitas, California,"62,002",
632,Bristol, Connecticut,"60,845",
633,Parker town, Colorado,"58,526",
634,Jupiter town, Florida,"61,036",
635,Stonecrest, Georgia,"59,190",
636,Corvallis, Oregon,"59,909",
637,Wylie, Texas,"57,530",
638,Montebello, California,"62,623",
639,Vineland, New Jersey,"60,780",
640,Great Falls, Montana,"60,464",
641,La Mesa, California,"61,119",
642,Meriden, Connecticut,"60,830",
643,Palm Beach Gardens, Florida,"59,174",
644,Euless, Texas,"61,028",
645,Owensboro, Kentucky,"60,206",
646,Casa Grande, Arizona,"53,660",
647,San Rafael, California,"61,277",
648,Taunton, Massachusetts,"59,400",
649,Madison, Alabama,"56,965",
650,Pico Rivera, California,"62,079",
651,Shoreline, Washington,"58,601",
652,Kokomo, Indiana,"59,603",
653,Blue Springs, Missouri,"58,613",
654,White Plains, New York,"59,553",
655,Burlington, North Carolina,"57,306",
656,Herriman, Utah,"55,178",
657,Youngstown, Ohio,"60,056",
658,Santee, California,"60,047",
659,West Allis, Wisconsin,"60,334",
660,Lake Havasu, Arizona,"57,134",
661,North Miami, Florida,"60,195",
662,Dubuque, Iowa,"59,669",
663,Gardena, California,"61,022",
664,Grand Forks, North Dakota,"59,170",
665,Petaluma, California,"59,778",
666,Lenexa, Kansas,"57,417",
667,Des Plaines, Illinois,"60,673",
668,Monterey Park, California,"61,109",
669,Lacey, Washington,"56,185",
670,Casper, Wyoming,"59,090",
671,Revere, Massachusetts,"62,204",
672,St. Peters, Missouri,"57,731",
673,Hanford, California,"58,013",
674,Terre Haute, Indiana,"58,412",
675,Hempstead village, New York,"59,170",
676,Margate, Florida,"58,700",
677,Carson, Nevada,"58,644",
678,Springfield, Ohio,"58,651",
679,Gilroy, California,"59,532",
680,Midwest, Oklahoma,"58,406",
681,Brookhaven, Georgia,"56,795",
682,Decatur, Alabama,"57,946",
683,Taylorsville, Utah,"60,435",
684,Bentonville, Arkansas,"54,210",
685,Cupertino, California,"60,363",
686,St. Clair Shores, Michigan,"58,874",
687,Pocatello, Idaho,"56,326",
688,Hoboken, New Jersey,"60,057",
689,Orland Park village, Illinois,"58,730",
690,Royal Oak, Michigan,"58,202",
691,Kyle, Texas,"45,697",
692,Lancaster, Pennsylvania,"58,051",
693,Weymouth Town, Massachusetts,"57,443",
694,Sarasota, Florida,"54,840",
695,Coconut Creek, Florida,"57,828",
696,Bowie, Maryland,"58,335",
697,Kettering, Ohio,"57,868",
698,Apopka, Florida,"54,889",
699,Bradenton, Florida,"55,713",
700,Albany, Oregon,"56,464",
701,Bartlett, Tennessee,"57,789",
702,Coeur d'Alene, Idaho,"54,640",
703,Highland, California,"56,996",
704,Smyrna town, Tennessee,"53,089",
705,Bonita Springs, Florida,"53,638",
706,Southaven, Mississippi,"54,647",
707,Beaumont, California,"53,045",
708,Oak Lawn village, Illinois,"58,370",
709,Smyrna, Georgia,"55,905",
710,Kingsport, Tennessee,"55,441",
711,Bozeman, Montana,"53,317",
712,New Brunswick, New Jersey,"55,252",
713,DeSoto, Texas,"56,135",
714,Marana town, Arizona,"51,897",
715,Fountain Valley, California,"57,054",
716,Spring Hill, Tennessee,"50,689",
717,Tigard, Oregon,"54,816",
718,Olympia, Washington,"55,371",
719,Texas, Texas,"51,895",
720,Port Arthur, Texas,"56,030",
721,National, California,"56,172",
722,San Jacinto, California,"53,894",
723,Kannapolis, North Carolina,"53,119",
724,Apple Valley, Minnesota,"56,367",
725,Perth Amboy, New Jersey,"55,444",
725,Little Elm, Texas,"46,459",
727,Anderson, Indiana,"54,773",
728,Valdosta, Georgia,"55,387",
729,West Sacramento, California,"53,919",
730,Winter Haven, Florida,"50,203",
731,Berwyn, Illinois,"57,234",
732,West Haven, Connecticut,"55,581",
733,Chicopee, Massachusetts,"55,562",
734,Arcadia, California,"56,664",
735,Mount Prospect village, Illinois,"56,852",
736,Logan, Utah,"52,783",
737,Westfield, Indiana,"46,425",
738,Plainfield, New Jersey,"54,598",
739,Yucaipa, California,"54,552",
740,Twin Falls, Idaho,"51,811",
741,Tinley Park village, Illinois,"56,001",
742,Eagle Mountain, Utah,"43,614",
743,Kentwood, Michigan,"54,309",
744,Rocky Mount, North Carolina,"54,334",
745,Colton, California,"53,892",
746,Peabody, Massachusetts,"54,492",
747,Pensacola, Florida,"54,310",
748,Manhattan, Kansas,"54,103",
749,Elkhart, Indiana,"53,913",
750,Pinellas Park, Florida,"53,094",
751,Burleson, Texas,"47,633",
752,Methuen Town, Massachusetts,"53,037",
753,Galveston, Texas,"53,699",
754,Wheaton, Illinois,"53,920",
755,Elyria, Ohio,"52,664",
756,Diamond Bar, California,"55,070",
757,Normal town, Illinois,"52,746",
758,Mooresville town, North Carolina,"50,240",
759,Huntington Park, California,"54,883",
760,Oak Park village, Illinois,"54,580",
761,Minnetonka, Minnesota,"53,794",
762,Lincoln, California,"49,747",
763,Joplin, Missouri,"51,765",
764,Grand Island, Nebraska,"53,130",
765,Cathedral, California,"51,498",
766,Edina, Minnesota,"53,487",
767,Dunwoody, Georgia,"51,667",
768,Novato, California,"53,206",
769,Battle Creek, Michigan,"52,709",
770,West New York town, New Jersey,"52,906",
771,Placentia, California,"51,814",
772,Paramount, California,"53,748",
773,Summerville town, South Carolina,"50,973",
774,Collierville town, Tennessee,"51,321",
775,Palm Desert, California,"51,167",
776,Watsonville, California,"52,595",
777,Florissant, Missouri,"52,532",
778,Rockwall, Texas,"47,307",
779,La Crosse, Wisconsin,"52,682",
780,Columbus, Indiana,"50,498",
781,Middletown, Ohio,"50,998",
782,Grapevine, Texas,"50,636",
783,Aliso Viejo, California,"52,173",
784,Harrisonburg, Virginia,"51,810",
785,Wake Forest town, North Carolina,"47,855",
786,Jeffersonville, Indiana,"49,450",
787,Mishawaka, Indiana,"51,095",
788,Troy, New York,"51,414",
789,Delano, California,"51,420",
790,Glendora, California,"52,577",
791,Burien, Washington,"52,065",
792,Newark, Ohio,"49,936",
793,Draper, Utah,"51,024",
794,Hoffman Estates village, Illinois,"52,545",
795,Cuyahoga Falls, Ohio,"51,120",
796,Enid, Oklahoma,"51,294",
797,Milford (balance), Connecticut,"50,567",
798,Harrisburg, Pennsylvania,"50,088",
799,Rosemead, California,"51,187",
800,Lakewood, Ohio,"50,929",
801,Covina, California,"51,275",
802,Murray, Utah,"50,641",
803,Downers Grove village, Illinois,"50,225",
804,Cypress, California,"50,144",
805,St. Louis Park, Minnesota,"50,005",
806,Azusa, California,"50,265",